Product_ID,Product_Category,Store_Location,Store_Type,Supplier_Region,Season,Current_Stock_Units,Average_Weekly_Sales,Lead_Time_Days,Unit_Cost,Selling_Price,Discount_Rate,Customer_Rating,Return_Rate,Website_Views,Previous_Stockout,Competitor_Price_Index,Reorder_Needed,Cluster,Segment_Name
P0001,Fitness,Downtown,Standard,Local,Back-to-School,31,32,2,10.61,17.87,0.0,3.9,0.08,760,Yes,1.06,No,1,Low-Cost Moderate Demand Products
P0002,Kitchenware,Suburban,Flagship,International,Fall,0,25,16,68.41,129.9,0.29,4.1,0.01,532,No,1.15,Yes,2,Premium Low-Stock Products
P0003,Kitchenware,Downtown,Standard,Local,Spring,60,35,5,25.13,48.82,0.16,4.1,0.11,897,No,1.11,No,1,Low-Cost Moderate Demand Products
P0004,Fitness,Mall,Standard,International,Back-to-School,111,51,16,27.97,42.97,0.11,4.1,0.1,1108,No,1.19,Yes,1,Low-Cost Moderate Demand Products
P0005,Beauty,Suburban,Standard,International,Fall,521,45,23,42.72,59.63,0.0,3.4,0.03,245,No,1.03,Yes,0,High Demand / High Stock Products
P0006,Kitchenware,Online,Online,National,Summer,98,38,7,37.04,63.63,0.34,3.8,0.08,1567,Yes,1.17,Yes,1,Low-Cost Moderate Demand Products
P0007,Apparel,Online,Online,National,Back-to-School,155,75,7,28.64,38.56,0.33,4.2,0.09,2569,Yes,1.01,Yes,0,High Demand / High Stock Products
P0008,Apparel,Mall,Standard,Local,Holiday,81,85,2,44.99,93.74,0.11,4.1,0.18,2266,No,0.87,No,0,High Demand / High Stock Products
P0009,Home Goods,Suburban,Flagship,National,Summer,44,54,5,9.39,14.19,0.0,4.7,0.15,1503,No,0.9,No,1,Low-Cost Moderate Demand Products
P0010,Beauty,Online,Online,National,Holiday,29,88,9,29.79,69.09,0.0,4.3,0.04,2040,No,1.19,Yes,0,High Demand / High Stock Products
P0011,Apparel,Campus,Outlet,International,Holiday,258,66,14,40.91,60.98,0.0,3.1,0.2,1815,No,1.2,No,0,High Demand / High Stock Products
P0012,Apparel,Suburban,Outlet,National,Winter,96,46,7,48.4,85.82,0.0,3.8,0.14,1268,Yes,1.09,No,0,High Demand / High Stock Products
P0013,Home Goods,Mall,Standard,National,Winter,48,10,7,19.52,40.25,0.12,3.8,0.05,556,No,1.22,No,1,Low-Cost Moderate Demand Products
P0014,Home Goods,Campus,Outlet,International,Fall,138,27,18,57.47,109.74,0.35,4.7,,813,No,1.2,Yes,2,Premium Low-Stock Products
P0015,Beauty,Suburban,Standard,National,Summer,18,39,6,41.13,99.1,0.0,3.7,0.09,1086,Yes,1.12,No,2,Premium Low-Stock Products
P0016,Apparel,Campus,Outlet,National,Holiday,38,58,6,13.69,21.53,0.32,3.9,0.17,879,Yes,0.86,Yes,1,Low-Cost Moderate Demand Products
P0017,Fitness,Downtown,Outlet,International,Holiday,121,59,11,5.88,12.31,0.15,4.3,0.01,1357,No,1.17,No,1,Low-Cost Moderate Demand Products
P0018,Beauty,Suburban,Standard,Local,Spring,49,33,4,69.69,177.67,0.13,4.4,0.01,1536,No,0.87,No,2,Premium Low-Stock Products
P0019,Home Goods,Downtown,Standard,National,Fall,63,23,6,33.27,61.99,0.13,5.0,0.08,676,No,0.97,No,1,Low-Cost Moderate Demand Products
P0020,Home Goods,Online,Online,National,Fall,77,45,7,34.58,53.98,0.09,4.4,0.14,1143,No,0.94,No,1,Low-Cost Moderate Demand Products
P0021,Electronics Accessories,Mall,Standard,National,Fall,32,42,10,72.49,159.15,0.0,3.4,0.07,1343,No,0.91,Yes,2,Premium Low-Stock Products
P0022,Beauty,Online,Online,Local,Fall,135,52,3,56.92,100.37,0.12,3.8,0.15,1044,No,0.99,No,2,Premium Low-Stock Products
P0023,Apparel,Suburban,Outlet,National,Holiday,26,48,2,49.25,123.59,0.32,3.9,0.07,1640,No,1.01,No,2,Premium Low-Stock Products
P0024,Kitchenware,Mall,Standard,Local,Spring,45,42,3,28.3,51.44,0.0,4.3,0.06,679,Yes,1.04,No,1,Low-Cost Moderate Demand Products
P0025,Office Supplies,Mall,Standard,International,Back-to-School,208,39,16,30.73,65.21,0.31,3.3,0.11,1134,No,0.99,Yes,0,High Demand / High Stock Products
P0026,Electronics Accessories,Downtown,Standard,Local,Back-to-School,60,60,6,46.89,63.37,0.0,4.1,0.07,1315,No,0.95,No,1,Low-Cost Moderate Demand Products
P0027,Pet Supplies,Suburban,Flagship,Local,Winter,70,46,3,53.41,115.87,0.25,4.3,0.07,1208,Yes,1.05,Yes,2,Premium Low-Stock Products
P0028,Apparel,Mall,Standard,Local,Holiday,207,94,5,5.95,9.38,0.25,4.0,0.07,3035,Yes,1.07,Yes,0,High Demand / High Stock Products
P0029,Fitness,Downtown,Outlet,National,Fall,55,20,8,42.45,68.06,0.3,4.9,0.14,570,No,1.11,No,2,Premium Low-Stock Products
P0030,Beauty,Mall,Standard,National,Summer,189,51,10,10.59,24.99,0.12,3.3,,1499,Yes,0.89,No,1,Low-Cost Moderate Demand Products
P0031,Pet Supplies,Online,Online,Local,Spring,39,47,3,58.73,103.18,0.28,3.7,,988,No,0.94,No,2,Premium Low-Stock Products
P0032,Electronics Accessories,Online,Online,Local,Back-to-School,68,57,3,13.17,19.4,0.09,4.3,0.08,1335,Yes,1.11,No,1,Low-Cost Moderate Demand Products
P0033,Apparel,Downtown,Standard,Local,Spring,113,42,3,78.05,143.14,0.0,4.4,0.09,901,No,0.89,No,2,Premium Low-Stock Products
P0034,Pet Supplies,Suburban,Flagship,National,Spring,36,41,9,27.09,70.87,0.09,4.5,0.02,828,No,1.0,Yes,1,Low-Cost Moderate Demand Products
P0035,Home Goods,Mall,Standard,National,Holiday,153,56,9,54.19,78.32,0.0,4.5,0.08,1330,No,1.1,No,0,High Demand / High Stock Products
P0036,Kitchenware,Mall,Standard,International,Fall,30,36,12,73.04,164.45,0.0,3.8,0.06,1213,No,0.87,Yes,2,Premium Low-Stock Products
P0037,Beauty,Mall,Flagship,Local,Fall,26,39,5,10.94,27.76,0.3,5.0,0.03,1287,No,1.01,Yes,1,Low-Cost Moderate Demand Products
P0038,Fitness,Mall,Standard,Local,Fall,92,7,2,69.19,110.18,0.0,4.6,0.15,25,No,0.95,No,2,Premium Low-Stock Products
P0039,Beauty,Campus,Standard,National,Fall,159,40,9,61.49,118.57,0.0,3.0,0.05,1680,No,1.06,No,0,High Demand / High Stock Products
P0040,Beauty,Downtown,Outlet,International,Winter,343,60,19,41.88,86.38,0.0,4.6,0.14,1038,No,0.97,No,0,High Demand / High Stock Products
P0041,Pet Supplies,Suburban,Standard,National,Holiday,38,27,7,25.5,39.87,0.23,3.7,0.08,347,No,1.0,No,1,Low-Cost Moderate Demand Products
P0042,Fitness,Suburban,Standard,Local,Back-to-School,19,42,2,33.34,66.09,0.3,3.2,0.07,1179,No,1.17,No,1,Low-Cost Moderate Demand Products
P0043,Beauty,Online,Online,National,Back-to-School,292,78,10,77.66,124.31,0.26,4.5,0.02,1745,No,1.12,No,0,High Demand / High Stock Products
P0044,Fitness,Campus,Outlet,National,Fall,22,21,10,70.32,120.03,0.26,4.4,0.15,638,No,0.88,Yes,2,Premium Low-Stock Products
P0045,Apparel,Downtown,Outlet,National,Summer,100,65,7,39.05,59.52,0.0,4.3,0.04,1129,No,1.06,No,1,Low-Cost Moderate Demand Products
P0046,Pet Supplies,Downtown,Standard,National,Summer,13,35,5,79.44,123.98,0.34,,0.07,1392,No,0.84,Yes,2,Premium Low-Stock Products
P0047,Home Goods,Online,Online,,Fall,73,27,5,55.51,114.87,0.25,3.3,0.02,321,No,1.11,No,2,Premium Low-Stock Products
P0048,Apparel,Downtown,Standard,International,Winter,471,62,19,23.53,52.89,0.19,3.6,0.12,1903,Yes,0.88,No,0,High Demand / High Stock Products
P0049,Office Supplies,Campus,Outlet,National,Holiday,130,52,8,38.56,76.96,0.25,4.5,0.01,1655,Yes,1.04,Yes,0,High Demand / High Stock Products
P0050,Pet Supplies,Campus,Standard,National,Spring,45,26,9,41.44,58.04,0.0,3.9,0.02,993,No,0.99,No,1,Low-Cost Moderate Demand Products
P0051,Apparel,Mall,Standard,,Spring,138,40,17,76.24,175.88,,2.8,0.09,1037,No,1.16,No,2,Premium Low-Stock Products
P0052,Fitness,Downtown,Standard,Local,Spring,56,37,3,62.15,92.3,0.11,3.9,0.07,792,No,1.16,No,2,Premium Low-Stock Products
P0053,Apparel,Online,Online,Local,Spring,49,58,2,28.61,41.73,0.07,3.3,0.11,1691,No,1.02,No,1,Low-Cost Moderate Demand Products
P0054,Pet Supplies,Mall,Standard,International,Spring,56,36,13,56.14,98.73,0.0,4.1,0.13,982,Yes,1.07,Yes,2,Premium Low-Stock Products
P0055,Beauty,Mall,Standard,Local,Back-to-School,43,72,2,62.44,129.2,0.11,4.1,0.12,2023,No,1.09,No,0,High Demand / High Stock Products
P0056,Apparel,Online,Online,Local,Spring,0,61,3,46.28,86.83,0.22,3.2,0.15,2038,No,1.17,Yes,0,High Demand / High Stock Products
P0057,Electronics Accessories,Mall,Standard,National,Summer,141,66,10,31.93,68.25,0.22,4.7,0.01,1840,No,1.19,No,0,High Demand / High Stock Products
P0058,Kitchenware,Suburban,Standard,Local,Holiday,0,35,2,14.78,28.66,0.06,3.8,0.09,1104,No,1.11,Yes,1,Low-Cost Moderate Demand Products
P0059,Apparel,Downtown,Standard,,Summer,57,52,5,37.6,57.94,0.0,3.7,0.13,1328,No,0.98,No,1,Low-Cost Moderate Demand Products
P0060,Home Goods,Downtown,Standard,Local,Spring,30,35,3,32.9,67.19,0.2,3.7,0.09,564,No,0.83,No,1,Low-Cost Moderate Demand Products
P0061,Fitness,Online,Online,National,Spring,66,45,8,64.9,124.5,0.3,4.7,0.12,1012,No,0.94,No,2,Premium Low-Stock Products
P0062,Beauty,Downtown,Standard,International,Fall,27,55,15,65.94,99.52,0.0,3.2,0.03,902,No,1.13,Yes,2,Premium Low-Stock Products
P0063,Electronics Accessories,Campus,Standard,National,Back-to-School,129,57,5,15.47,21.35,0.18,4.0,0.09,1245,No,1.15,No,1,Low-Cost Moderate Demand Products
P0064,Fitness,Mall,Standard,National,Holiday,67,58,9,65.55,128.83,0.15,3.7,0.09,2003,Yes,0.96,Yes,0,High Demand / High Stock Products
P0065,Home Goods,Suburban,Standard,National,Summer,159,28,9,35.07,56.13,0.23,3.9,0.07,741,Yes,1.08,No,1,Low-Cost Moderate Demand Products
P0066,Fitness,Downtown,Standard,International,Back-to-School,25,29,13,75.29,118.48,0.16,4.4,0.1,542,No,1.09,Yes,2,Premium Low-Stock Products
P0067,Electronics Accessories,Suburban,Standard,Local,Holiday,71,47,4,14.45,20.03,0.0,4.1,0.01,655,No,0.87,No,1,Low-Cost Moderate Demand Products
P0068,Kitchenware,Online,Online,Local,Fall,14,40,2,22.05,37.65,0.14,4.4,0.03,1367,No,1.01,No,1,Low-Cost Moderate Demand Products
P0069,Office Supplies,Mall,Standard,National,Winter,54,54,7,64.9,92.87,0.13,4.4,0.04,1870,Yes,1.13,Yes,2,Premium Low-Stock Products
P0070,Electronics Accessories,Campus,Standard,National,Fall,151,58,8,42.15,63.6,0.35,4.0,0.17,1786,No,1.14,No,0,High Demand / High Stock Products
P0071,Kitchenware,Downtown,Standard,National,Spring,163,42,8,67.46,123.34,0.27,4.3,0.1,400,No,1.0,No,2,Premium Low-Stock Products
P0072,Apparel,Mall,Standard,Local,Fall,53,63,2,35.66,70.73,0.08,3.8,0.16,2318,No,1.04,No,0,High Demand / High Stock Products
P0073,Office Supplies,Suburban,Flagship,National,Fall,43,22,4,62.63,131.03,,3.2,0.06,311,Yes,1.07,No,2,Premium Low-Stock Products
P0074,Beauty,Suburban,Flagship,Local,Spring,94,35,6,79.17,144.19,0.13,,0.09,1364,No,0.95,No,2,Premium Low-Stock Products
P0075,Kitchenware,Campus,Standard,International,Winter,3,2,16,43.46,95.82,0.0,3.3,0.04,369,No,0.94,Yes,2,Premium Low-Stock Products
P0076,Electronics Accessories,Downtown,Outlet,National,Holiday,92,60,7,76.04,105.28,0.24,5.0,0.1,867,No,1.06,No,2,Premium Low-Stock Products
P0077,Kitchenware,Suburban,Standard,National,Back-to-School,2,25,3,32.27,69.0,0.22,3.5,0.11,471,No,0.97,Yes,1,Low-Cost Moderate Demand Products
P0078,Electronics Accessories,Campus,Standard,International,Winter,0,34,19,38.36,91.88,0.0,4.6,0.05,373,No,0.85,Yes,2,Premium Low-Stock Products
P0079,Kitchenware,Campus,Standard,National,Winter,86,35,9,14.55,31.8,0.06,,0.13,1178,No,1.22,No,1,Low-Cost Moderate Demand Products
P0080,Pet Supplies,Downtown,Outlet,National,Fall,69,22,7,70.72,153.3,0.0,3.6,0.12,360,No,0.87,No,2,Premium Low-Stock Products
P0081,Kitchenware,Suburban,Outlet,International,Holiday,76,44,19,45.86,65.17,0.14,3.7,0.08,690,No,1.06,Yes,2,Premium Low-Stock Products
P0082,Apparel,Downtown,Standard,National,Back-to-School,122,56,8,52.56,92.91,0.0,3.5,0.16,1582,No,0.94,No,0,High Demand / High Stock Products
P0083,Beauty,Downtown,Standard,Local,Back-to-School,32,62,2,78.13,111.36,0.16,3.8,0.12,1547,No,0.97,No,2,Premium Low-Stock Products
P0084,Apparel,Suburban,Standard,Local,Back-to-School,18,51,2,41.91,65.91,0.06,4.0,0.02,1201,Yes,0.84,No,1,Low-Cost Moderate Demand Products
P0085,Beauty,Mall,Outlet,National,Holiday,216,68,4,31.81,52.86,0.0,3.8,0.07,1968,No,1.09,No,0,High Demand / High Stock Products
P0086,Kitchenware,Suburban,Outlet,National,Summer,194,54,5,7.44,10.64,0.15,4.0,0.03,1364,No,1.07,No,1,Low-Cost Moderate Demand Products
P0087,Home Goods,Suburban,Outlet,,Back-to-School,112,34,11,32.0,63.91,0.34,,0.02,20,No,1.13,No,1,Low-Cost Moderate Demand Products
P0088,Fitness,Downtown,Standard,National,Holiday,106,34,9,6.4,16.03,0.0,4.5,0.07,981,No,1.13,No,1,Low-Cost Moderate Demand Products
P0089,Apparel,Downtown,Standard,Local,Back-to-School,24,59,3,17.16,41.6,0.15,4.1,0.06,1631,No,0.92,No,1,Low-Cost Moderate Demand Products
P0090,Home Goods,Suburban,Standard,National,Fall,64,25,5,64.45,99.33,0.09,4.9,0.01,1335,No,1.14,No,2,Premium Low-Stock Products
P0091,Electronics Accessories,Mall,Standard,National,Summer,88,20,6,56.91,81.39,0.23,4.0,0.14,821,No,1.11,Yes,2,Premium Low-Stock Products
P0092,Beauty,Campus,Standard,International,Holiday,248,70,14,77.26,122.41,0.24,4.0,0.12,2294,No,1.19,Yes,0,High Demand / High Stock Products
P0093,Apparel,Campus,Outlet,National,Winter,94,72,5,74.38,174.76,0.05,5.0,,2225,No,1.2,No,0,High Demand / High Stock Products
P0094,Apparel,Downtown,Standard,Local,Summer,65,48,3,47.15,100.36,0.1,,0.18,652,No,1.09,No,2,Premium Low-Stock Products
P0095,Home Goods,Suburban,Standard,National,Holiday,106,40,11,4.87,9.58,0.0,4.3,0.1,1369,No,0.94,No,1,Low-Cost Moderate Demand Products
P0096,Fitness,Downtown,Flagship,Local,Back-to-School,38,61,2,45.74,79.44,0.21,3.7,0.09,2188,No,0.85,No,0,High Demand / High Stock Products
P0097,Beauty,Downtown,Standard,National,Winter,60,59,9,43.55,61.6,0.11,4.5,0.11,1241,No,0.84,No,1,Low-Cost Moderate Demand Products
P0098,Electronics Accessories,Online,Online,National,Winter,187,57,9,8.85,23.16,0.0,4.1,0.09,1745,No,1.13,No,0,High Demand / High Stock Products
P0099,Office Supplies,Suburban,Outlet,International,Fall,43,17,13,44.99,88.53,0.0,3.5,0.07,423,No,0.94,No,2,Premium Low-Stock Products
P0100,Pet Supplies,Suburban,Standard,Local,Holiday,29,36,3,65.52,110.14,0.28,3.8,0.11,685,Yes,1.06,No,2,Premium Low-Stock Products
P0101,Electronics Accessories,Suburban,Standard,International,Spring,135,26,15,66.0,137.69,0.15,3.8,0.05,436,No,0.94,No,2,Premium Low-Stock Products
P0102,Office Supplies,Mall,Standard,National,Holiday,50,56,11,63.72,100.81,0.0,3.8,0.03,2110,No,0.94,Yes,0,High Demand / High Stock Products
P0103,Beauty,Campus,Standard,Local,Summer,59,48,7,74.09,169.71,0.08,4.1,0.11,1469,No,1.12,No,2,Premium Low-Stock Products
P0104,Pet Supplies,Suburban,Outlet,Local,Holiday,28,34,5,79.97,139.61,0.12,3.9,0.11,1592,No,0.97,No,2,Premium Low-Stock Products
P0105,Beauty,Mall,Flagship,International,Winter,133,65,11,32.17,53.9,0.0,4.2,0.1,1685,No,0.95,No,0,High Demand / High Stock Products
P0106,Fitness,Online,Online,Local,Holiday,125,69,7,41.29,60.04,0.0,3.9,0.07,1593,No,1.08,No,0,High Demand / High Stock Products
P0107,Office Supplies,Online,Online,National,Fall,97,36,6,57.74,77.34,0.2,3.5,0.04,915,No,1.04,No,2,Premium Low-Stock Products
P0108,Office Supplies,Downtown,Outlet,National,Holiday,0,49,8,11.32,16.29,0.11,3.9,0.09,1011,No,0.98,Yes,1,Low-Cost Moderate Demand Products
P0109,Kitchenware,Online,Online,National,Holiday,52,58,7,32.82,60.16,0.0,4.3,0.12,1365,No,0.86,No,1,Low-Cost Moderate Demand Products
P0110,Pet Supplies,Campus,Standard,Local,Spring,84,29,8,46.83,63.47,0.33,3.6,0.13,793,No,0.98,No,2,Premium Low-Stock Products
P0111,Pet Supplies,Suburban,Outlet,Local,Back-to-School,135,66,9,59.04,104.55,0.0,3.2,0.11,2292,No,1.13,No,0,High Demand / High Stock Products
P0112,Beauty,Suburban,Outlet,National,Back-to-School,96,55,7,51.01,112.18,0.0,3.8,0.12,2006,No,0.95,No,0,High Demand / High Stock Products
P0113,Electronics Accessories,Suburban,Flagship,Local,Fall,78,22,3,6.0,9.69,0.08,3.8,0.12,1004,No,1.18,No,1,Low-Cost Moderate Demand Products
P0114,Electronics Accessories,Downtown,Standard,National,Spring,68,41,5,40.8,56.55,0.0,4.2,0.04,575,Yes,0.94,No,1,Low-Cost Moderate Demand Products
P0115,Pet Supplies,Suburban,Standard,International,Holiday,143,56,15,28.37,71.01,0.11,5.0,0.06,1342,No,0.92,No,0,High Demand / High Stock Products
P0116,Apparel,Mall,Standard,National,Back-to-School,25,82,2,39.08,80.1,0.0,3.7,0.09,1613,No,1.02,No,0,High Demand / High Stock Products
P0117,Kitchenware,Online,Online,Local,Holiday,32,46,4,42.5,103.8,0.26,4.1,0.04,1179,No,1.13,No,2,Premium Low-Stock Products
P0118,Apparel,Campus,Standard,National,Back-to-School,36,45,10,4.8,7.34,0.2,3.9,0.07,950,No,1.13,Yes,1,Low-Cost Moderate Demand Products
P0119,Apparel,Downtown,Standard,International,Spring,362,57,15,27.7,47.63,0.11,3.5,0.13,1193,No,0.87,No,0,High Demand / High Stock Products
P0120,Apparel,Campus,Standard,Local,Summer,53,32,2,21.62,36.03,0.11,3.6,0.11,708,No,1.06,No,1,Low-Cost Moderate Demand Products
P0121,Kitchenware,Online,Online,Local,Spring,0,42,2,28.77,49.54,0.13,3.4,0.07,994,No,1.16,Yes,1,Low-Cost Moderate Demand Products
P0122,Home Goods,Mall,Flagship,Local,Spring,39,20,3,56.7,101.07,0.0,4.3,0.06,702,No,1.08,No,2,Premium Low-Stock Products
P0123,Apparel,Suburban,Standard,Local,Fall,51,47,4,65.96,167.67,0.2,3.8,0.08,1290,No,1.12,No,2,Premium Low-Stock Products
P0124,Apparel,Mall,Standard,National,Winter,113,63,8,62.91,141.25,0.16,4.1,0.18,2297,No,0.86,No,0,High Demand / High Stock Products
P0125,Office Supplies,Mall,Standard,International,Fall,189,48,15,22.01,48.91,0.23,3.8,0.03,1023,Yes,0.84,No,1,Low-Cost Moderate Demand Products
P0126,Electronics Accessories,Online,Online,Local,Summer,159,62,8,55.63,77.83,0.34,3.0,0.19,867,No,1.17,No,0,High Demand / High Stock Products
P0127,Kitchenware,Online,Online,National,Winter,88,39,10,38.35,74.39,0.0,3.6,0.08,1158,No,0.82,No,1,Low-Cost Moderate Demand Products
P0128,Beauty,Online,Online,National,Spring,45,33,6,36.65,54.57,0.13,3.9,0.05,1145,No,0.96,No,1,Low-Cost Moderate Demand Products
P0129,Kitchenware,Mall,Flagship,International,Fall,317,61,16,19.38,39.13,0.09,4.6,0.16,1776,No,1.18,No,0,High Demand / High Stock Products
P0130,Kitchenware,Suburban,Standard,National,Spring,65,38,6,21.19,42.52,0.05,4.0,0.13,89,No,0.85,No,1,Low-Cost Moderate Demand Products
P0131,Home Goods,Campus,Flagship,National,Back-to-School,257,64,13,14.86,26.84,0.05,,0.1,992,No,1.16,No,0,High Demand / High Stock Products
P0132,Fitness,Suburban,Outlet,,Spring,17,29,3,46.06,87.24,0.23,4.2,0.05,219,No,1.03,No,2,Premium Low-Stock Products
P0133,Apparel,Campus,Outlet,National,Spring,24,24,8,44.15,113.71,0.35,4.6,0.18,407,No,1.2,No,2,Premium Low-Stock Products
P0134,Home Goods,Downtown,Flagship,National,Winter,38,38,6,35.57,72.54,0.07,3.6,0.06,880,No,0.9,No,1,Low-Cost Moderate Demand Products
P0135,Fitness,Online,Online,National,Spring,29,28,4,68.33,93.79,0.08,3.4,0.1,849,No,1.1,No,2,Premium Low-Stock Products
P0136,Beauty,Online,Online,National,Summer,189,53,10,24.43,57.89,0.0,4.6,0.09,1409,Yes,1.05,No,0,High Demand / High Stock Products
P0137,Beauty,Mall,Standard,Local,Spring,67,29,2,21.36,38.03,0.06,4.0,0.13,1044,No,1.04,No,1,Low-Cost Moderate Demand Products
P0138,Electronics Accessories,Suburban,Standard,Local,Spring,59,25,2,72.55,106.12,0.29,4.4,0.09,543,No,1.16,Yes,2,Premium Low-Stock Products
P0139,Home Goods,Mall,Standard,National,Winter,76,26,6,62.72,92.55,0.32,4.0,0.08,298,No,1.17,No,2,Premium Low-Stock Products
P0140,Pet Supplies,Online,Online,Local,Winter,60,46,4,8.55,22.43,0.0,4.5,0.16,1122,No,0.97,No,1,Low-Cost Moderate Demand Products
P0141,Apparel,Online,Online,Local,Winter,48,33,6,21.99,33.65,0.14,3.8,0.06,896,No,1.13,No,1,Low-Cost Moderate Demand Products
P0142,Beauty,Suburban,Standard,International,Summer,165,42,15,13.11,18.95,0.26,4.3,0.08,922,No,0.86,No,1,Low-Cost Moderate Demand Products
P0143,Kitchenware,Suburban,Outlet,Local,Fall,0,8,5,22.99,39.7,0.0,4.8,0.09,269,No,1.07,Yes,1,Low-Cost Moderate Demand Products
P0144,Pet Supplies,Downtown,Flagship,International,Fall,75,24,19,67.03,106.85,0.06,4.7,0.11,877,No,0.83,No,2,Premium Low-Stock Products
P0145,Home Goods,Suburban,Outlet,Local,Back-to-School,81,41,5,35.31,64.64,0.0,4.2,0.1,797,No,1.14,No,1,Low-Cost Moderate Demand Products
P0146,Beauty,Mall,Outlet,National,Fall,150,42,8,20.65,49.33,0.0,4.4,0.13,1453,No,1.21,No,1,Low-Cost Moderate Demand Products
P0147,Pet Supplies,Campus,Flagship,International,Summer,105,47,12,30.97,70.47,0.0,,0.04,1958,No,1.2,No,0,High Demand / High Stock Products
P0148,Office Supplies,Campus,Standard,Local,Winter,43,20,5,20.63,37.16,0.05,4.2,0.09,798,No,1.16,No,1,Low-Cost Moderate Demand Products
P0149,Office Supplies,Online,Online,International,Holiday,204,63,15,75.59,125.23,0.08,4.2,0.1,2332,No,0.89,No,0,High Demand / High Stock Products
P0150,Kitchenware,Suburban,Standard,Local,Fall,33,23,3,59.39,148.87,0.33,3.8,0.18,626,Yes,1.19,No,2,Premium Low-Stock Products
P0151,Office Supplies,Downtown,Standard,Local,Holiday,82,60,7,10.74,22.02,0.24,3.7,0.09,1144,No,0.82,No,1,Low-Cost Moderate Demand Products
P0152,Pet Supplies,Mall,Standard,National,Spring,80,50,3,53.47,107.86,0.0,4.1,0.1,1536,No,0.85,No,2,Premium Low-Stock Products
P0153,Beauty,Campus,Flagship,National,Back-to-School,21,48,8,75.63,109.78,0.0,4.2,,1362,Yes,0.93,Yes,2,Premium Low-Stock Products
P0154,Fitness,Online,Online,Local,Fall,47,41,2,54.31,102.88,0.0,4.2,0.1,1508,Yes,0.94,No,2,Premium Low-Stock Products
P0155,Apparel,Mall,Standard,International,Fall,34,38,16,39.34,59.04,0.0,4.0,0.06,264,Yes,1.06,Yes,1,Low-Cost Moderate Demand Products
P0156,Electronics Accessories,Mall,Outlet,National,Holiday,228,57,7,72.61,149.49,0.2,4.0,0.1,785,No,1.12,No,2,Premium Low-Stock Products
P0157,Pet Supplies,Downtown,Standard,International,Fall,274,54,15,67.39,102.95,0.32,4.4,0.1,1226,No,1.17,Yes,0,High Demand / High Stock Products
P0158,Electronics Accessories,Suburban,Flagship,National,Back-to-School,129,32,12,46.76,65.62,0.14,,0.06,1053,No,1.06,No,2,Premium Low-Stock Products
P0159,Fitness,Online,Online,Local,Holiday,108,49,5,60.68,148.26,0.0,4.2,0.05,1253,No,1.17,No,2,Premium Low-Stock Products
P0160,Pet Supplies,Suburban,Standard,National,Summer,124,61,8,60.31,128.6,0.31,4.8,0.06,1609,No,0.87,Yes,2,Premium Low-Stock Products
P0161,Home Goods,Online,Online,International,Summer,46,20,17,57.55,88.73,0.3,3.8,0.06,356,Yes,1.17,Yes,2,Premium Low-Stock Products
P0162,Pet Supplies,Online,Online,National,Summer,72,43,7,47.49,120.85,0.31,4.2,0.07,610,No,1.13,No,2,Premium Low-Stock Products
P0163,Fitness,Mall,Flagship,,Holiday,61,37,9,52.85,89.09,0.16,4.0,0.12,1091,No,1.02,No,2,Premium Low-Stock Products
P0164,Fitness,Mall,Standard,Local,Spring,0,11,7,69.47,106.32,,4.0,0.07,502,No,1.14,Yes,2,Premium Low-Stock Products
P0165,Kitchenware,Online,Online,National,Holiday,0,57,10,33.51,45.47,0.26,4.3,0.14,1662,No,1.09,Yes,1,Low-Cost Moderate Demand Products
P0166,Pet Supplies,Downtown,Flagship,Local,Summer,83,43,5,17.91,35.93,,3.3,0.04,1675,No,0.95,No,1,Low-Cost Moderate Demand Products
P0167,Beauty,Online,Online,National,Holiday,238,104,9,42.04,97.99,0.0,4.8,,1952,Yes,1.18,No,0,High Demand / High Stock Products
P0168,Kitchenware,Mall,Standard,Local,Back-to-School,81,47,5,61.85,89.95,0.28,4.0,0.08,1245,No,0.98,Yes,2,Premium Low-Stock Products
P0169,Home Goods,Suburban,Flagship,Local,Holiday,53,53,7,51.63,78.47,0.26,4.3,0.11,1198,No,0.94,Yes,2,Premium Low-Stock Products
P0170,Pet Supplies,Campus,Standard,International,Fall,52,13,18,73.78,122.81,0.12,5.0,0.12,570,No,0.97,Yes,2,Premium Low-Stock Products
P0171,Home Goods,Mall,Flagship,International,Back-to-School,246,46,15,56.42,94.7,0.16,3.7,0.08,1204,No,1.08,No,0,High Demand / High Stock Products
P0172,Pet Supplies,Downtown,Standard,Local,Spring,84,55,5,19.18,29.39,0.0,4.2,0.07,1253,Yes,0.9,Yes,1,Low-Cost Moderate Demand Products
P0173,Kitchenware,Campus,Outlet,National,Spring,102,39,9,58.99,82.79,0.0,4.4,0.08,800,No,0.94,No,2,Premium Low-Stock Products
P0174,Apparel,Online,Online,Local,Holiday,88,77,3,31.17,53.01,0.24,3.8,0.18,2163,Yes,1.2,No,0,High Demand / High Stock Products
P0175,Kitchenware,Online,Online,National,Spring,114,36,7,75.63,109.45,0.17,4.2,0.02,842,Yes,1.09,No,2,Premium Low-Stock Products
P0176,Office Supplies,Downtown,Standard,Local,Summer,49,8,2,55.52,119.14,0.22,4.6,0.14,163,No,1.1,No,2,Premium Low-Stock Products
P0177,Electronics Accessories,Online,Online,National,Holiday,121,40,5,8.15,15.92,0.1,4.5,0.02,1092,Yes,0.84,No,1,Low-Cost Moderate Demand Products
P0178,Home Goods,Mall,Outlet,National,Holiday,114,71,6,41.8,82.24,0.08,4.1,0.08,2005,Yes,1.07,No,0,High Demand / High Stock Products
P0179,Kitchenware,Campus,Standard,Local,Summer,0,16,4,51.1,88.88,0.25,4.6,0.12,691,No,0.94,Yes,2,Premium Low-Stock Products
P0180,Apparel,Downtown,Standard,National,Spring,1,49,6,74.7,123.55,0.19,3.8,0.12,1537,No,1.15,Yes,2,Premium Low-Stock Products
P0181,Fitness,Campus,Flagship,National,Winter,126,54,9,67.75,118.59,0.2,4.3,0.13,832,No,1.17,No,2,Premium Low-Stock Products
P0182,Office Supplies,Online,Online,Local,Holiday,48,52,6,14.14,23.67,0.26,3.9,0.06,1935,No,1.19,Yes,1,Low-Cost Moderate Demand Products
P0183,Home Goods,Suburban,Standard,International,Back-to-School,35,54,15,56.77,90.01,0.08,3.4,0.09,1348,No,0.93,Yes,0,High Demand / High Stock Products
P0184,Apparel,Downtown,Standard,Local,Back-to-School,0,52,4,23.04,52.43,0.0,4.3,0.12,962,No,1.17,Yes,1,Low-Cost Moderate Demand Products
P0185,Beauty,Suburban,Standard,National,Summer,57,31,3,33.45,84.47,0.34,3.9,0.08,982,No,1.15,No,2,Premium Low-Stock Products
P0186,Kitchenware,Mall,Standard,National,Holiday,99,41,7,55.88,82.08,0.1,4.3,0.05,1013,No,1.05,No,2,Premium Low-Stock Products
P0187,Apparel,Downtown,Standard,Local,Holiday,62,67,2,41.28,76.71,0.16,3.9,0.15,1024,Yes,1.03,No,0,High Demand / High Stock Products
P0188,Electronics Accessories,Suburban,Standard,National,Winter,124,44,12,78.57,105.22,0.25,4.0,0.13,1314,No,1.09,Yes,2,Premium Low-Stock Products
P0189,Electronics Accessories,Mall,Standard,International,Holiday,156,49,18,37.86,51.6,0.0,2.9,0.07,1649,Yes,0.85,No,0,High Demand / High Stock Products
P0190,Electronics Accessories,Downtown,Standard,National,Holiday,56,49,8,75.42,159.23,0.1,3.4,0.07,1636,Yes,1.04,Yes,2,Premium Low-Stock Products
P0191,Electronics Accessories,Mall,Standard,Local,Back-to-School,18,39,3,50.99,108.42,0.23,4.9,0.12,1189,Yes,1.13,Yes,2,Premium Low-Stock Products
P0192,Beauty,Mall,Flagship,National,Holiday,51,76,2,14.95,29.94,0.32,3.7,0.07,1843,No,1.04,No,1,Low-Cost Moderate Demand Products
P0193,Beauty,Campus,Standard,National,Holiday,61,51,9,53.09,94.74,0.0,4.2,0.06,1903,Yes,1.19,Yes,0,High Demand / High Stock Products
P0194,Home Goods,Downtown,Flagship,National,Winter,34,40,7,53.82,75.49,0.24,4.2,0.06,1177,No,1.05,Yes,2,Premium Low-Stock Products
P0195,Electronics Accessories,Downtown,Standard,Local,Back-to-School,54,37,5,14.21,29.68,0.31,3.8,0.11,400,No,1.16,No,1,Low-Cost Moderate Demand Products
P0196,Pet Supplies,Downtown,Flagship,,Winter,141,54,6,34.79,65.43,0.32,4.1,0.01,1437,No,0.97,No,1,Low-Cost Moderate Demand Products
P0197,Home Goods,Mall,Standard,National,Winter,22,26,4,65.3,124.9,0.1,3.7,0.09,1159,No,1.01,No,2,Premium Low-Stock Products
P0198,Apparel,Suburban,Flagship,Local,Holiday,32,72,2,38.55,52.61,0.34,4.4,0.11,2027,No,0.93,Yes,0,High Demand / High Stock Products
P0199,Electronics Accessories,Online,Online,International,Winter,164,33,19,43.24,69.81,0.31,3.4,0.09,722,No,1.08,No,2,Premium Low-Stock Products
P0200,Kitchenware,Downtown,Standard,International,Back-to-School,122,54,13,20.01,28.99,,4.1,0.13,1637,Yes,0.84,No,0,High Demand / High Stock Products
P0201,Home Goods,Campus,Standard,National,Spring,6,25,4,25.54,35.56,0.18,4.2,0.06,833,No,0.89,Yes,1,Low-Cost Moderate Demand Products
P0202,Electronics Accessories,Mall,Standard,Local,Fall,40,31,5,69.33,123.06,0.0,4.2,0.12,740,No,1.13,No,2,Premium Low-Stock Products
P0203,Apparel,Mall,Outlet,International,Back-to-School,36,58,13,32.15,43.81,0.0,4.3,0.05,1601,No,1.1,Yes,1,Low-Cost Moderate Demand Products
P0204,Home Goods,Online,Online,Local,Holiday,91,65,2,57.9,126.44,0.0,4.2,0.14,1535,No,0.96,No,0,High Demand / High Stock Products
P0205,Pet Supplies,Suburban,Standard,Local,Back-to-School,17,43,2,63.57,111.24,0.16,4.0,0.11,1245,No,1.08,No,2,Premium Low-Stock Products
P0206,Apparel,Downtown,Standard,Local,Winter,42,43,2,16.22,41.26,0.0,3.3,0.18,1272,No,0.91,No,1,Low-Cost Moderate Demand Products
P0207,Office Supplies,Mall,Standard,National,Winter,98,53,6,52.66,89.62,0.11,4.1,0.05,1313,Yes,0.89,Yes,2,Premium Low-Stock Products
P0208,Apparel,Campus,Standard,National,Fall,33,40,5,60.01,82.82,0.0,3.7,0.16,888,No,0.93,No,2,Premium Low-Stock Products
P0209,Fitness,Suburban,Standard,Local,Spring,0,18,9,65.02,164.18,0.31,,0.05,548,No,1.2,Yes,2,Premium Low-Stock Products
P0210,Apparel,Downtown,Flagship,National,Holiday,287,83,7,28.0,70.62,0.0,3.7,0.13,2280,Yes,1.15,No,0,High Demand / High Stock Products
P0211,Electronics Accessories,Campus,Standard,International,Back-to-School,270,58,14,19.17,40.11,0.0,4.1,0.11,1638,No,1.09,No,0,High Demand / High Stock Products
P0212,Beauty,Downtown,Standard,National,Winter,49,38,12,70.03,123.21,,3.9,0.07,892,No,1.14,Yes,2,Premium Low-Stock Products
P0213,Electronics Accessories,Online,Online,Local,Holiday,38,69,2,56.38,75.61,0.11,3.7,0.13,1908,No,1.07,No,0,High Demand / High Stock Products
P0214,Kitchenware,Suburban,Outlet,Local,Summer,47,43,5,21.37,29.97,0.0,4.4,0.04,1576,Yes,0.88,No,1,Low-Cost Moderate Demand Products
P0215,Office Supplies,Online,Online,National,Back-to-School,16,47,6,46.72,86.53,0.17,4.8,0.11,1134,No,0.96,Yes,2,Premium Low-Stock Products
P0216,Apparel,Downtown,Outlet,International,Summer,100,49,13,17.26,37.42,0.16,3.7,0.05,1231,No,0.93,Yes,1,Low-Cost Moderate Demand Products
P0217,Pet Supplies,Suburban,Standard,National,Holiday,135,56,8,21.34,33.73,0.0,3.8,0.05,1612,No,1.21,Yes,1,Low-Cost Moderate Demand Products
P0218,Kitchenware,Online,Online,International,Back-to-School,307,54,17,11.83,16.29,0.31,4.1,0.12,1089,No,0.92,No,0,High Demand / High Stock Products
P0219,Home Goods,Suburban,Standard,National,Spring,18,31,7,54.43,126.09,0.15,4.6,0.07,1172,No,0.89,Yes,2,Premium Low-Stock Products
P0220,Beauty,Mall,Standard,Local,Fall,52,34,2,37.58,61.14,0.13,3.8,0.15,811,No,1.01,No,1,Low-Cost Moderate Demand Products
P0221,Beauty,Downtown,Standard,Local,Summer,125,67,4,35.29,65.04,0.0,4.0,0.04,1342,No,1.13,No,0,High Demand / High Stock Products
P0222,Home Goods,Online,Online,International,Fall,118,26,16,26.01,50.57,0.0,3.8,0.06,377,Yes,1.03,No,1,Low-Cost Moderate Demand Products
P0223,Kitchenware,Online,Online,Local,Summer,32,32,4,27.68,60.94,0.35,4.1,0.05,1499,No,0.85,No,1,Low-Cost Moderate Demand Products
P0224,Pet Supplies,Online,Online,Local,Back-to-School,79,58,4,37.67,78.96,0.06,4.8,0.09,1209,No,1.09,No,1,Low-Cost Moderate Demand Products
P0225,Apparel,Campus,Standard,Local,Back-to-School,112,62,8,69.64,104.03,0.08,3.9,0.14,1250,No,0.84,No,0,High Demand / High Stock Products
P0226,Electronics Accessories,Downtown,Flagship,Local,Back-to-School,53,45,10,51.51,70.77,0.24,3.4,0.09,1435,No,1.14,Yes,2,Premium Low-Stock Products
P0227,Home Goods,Online,Online,National,Spring,29,51,6,37.25,58.12,0.0,4.2,0.11,1427,No,1.04,Yes,1,Low-Cost Moderate Demand Products
P0228,Home Goods,Suburban,Flagship,National,Fall,18,31,8,69.12,149.33,0.12,4.1,0.05,573,No,1.02,Yes,2,Premium Low-Stock Products
P0229,Fitness,Downtown,Standard,Local,Holiday,215,66,7,19.36,33.94,0.08,4.3,0.03,1965,No,1.06,No,0,High Demand / High Stock Products
P0230,Beauty,Campus,Flagship,International,Spring,142,49,11,35.61,58.05,0.26,3.6,0.08,1206,Yes,1.2,No,0,High Demand / High Stock Products
P0231,Beauty,Downtown,Standard,Local,Back-to-School,223,73,7,35.55,50.0,0.24,3.4,0.1,1628,No,0.96,No,0,High Demand / High Stock Products
P0232,Electronics Accessories,Suburban,Outlet,Local,Fall,62,70,4,59.17,112.73,0.0,3.5,0.09,1836,No,1.0,No,0,High Demand / High Stock Products
P0233,Fitness,Mall,Outlet,Local,Fall,48,33,8,5.65,12.67,0.0,3.5,0.06,908,No,0.88,No,1,Low-Cost Moderate Demand Products
P0234,Pet Supplies,Downtown,Standard,International,Back-to-School,233,64,15,17.14,38.56,0.26,3.2,0.12,1762,No,1.05,No,0,High Demand / High Stock Products
P0235,Electronics Accessories,Online,Online,National,Holiday,202,79,6,53.61,101.7,0.05,3.7,0.1,2321,Yes,0.91,No,0,High Demand / High Stock Products
P0236,Electronics Accessories,Mall,Standard,Local,Summer,18,54,3,10.27,19.07,0.06,4.1,0.12,1242,No,0.87,No,1,Low-Cost Moderate Demand Products
P0237,Home Goods,Mall,Standard,Local,Spring,87,36,2,74.23,103.55,0.25,3.8,0.11,412,No,1.07,No,2,Premium Low-Stock Products
P0238,Apparel,Online,Online,Local,Fall,56,52,4,12.54,17.18,0.33,3.1,0.17,1209,Yes,0.86,No,1,Low-Cost Moderate Demand Products
P0239,Beauty,Downtown,Standard,Local,Winter,66,52,2,57.11,76.84,0.22,4.3,0.09,1572,No,1.08,Yes,2,Premium Low-Stock Products
P0240,Pet Supplies,Online,Online,International,Spring,0,43,18,21.57,35.41,0.0,3.5,0.05,1370,No,1.02,No,1,Low-Cost Moderate Demand Products
P0241,Home Goods,Mall,Standard,National,Summer,66,34,9,51.52,77.75,0.34,4.2,0.03,1150,No,1.04,No,2,Premium Low-Stock Products
P0242,Fitness,Downtown,Standard,International,Back-to-School,139,50,14,22.27,32.11,0.34,3.8,0.06,1292,Yes,1.04,Yes,1,Low-Cost Moderate Demand Products
P0243,Kitchenware,Mall,Flagship,International,Holiday,0,68,20,73.7,116.52,0.22,4.3,0.1,2114,No,0.99,Yes,0,High Demand / High Stock Products
P0244,Pet Supplies,Campus,Standard,National,Spring,32,37,9,50.51,77.56,0.0,4.7,0.09,1477,No,1.01,Yes,2,Premium Low-Stock Products
P0245,Electronics Accessories,Online,Online,National,Spring,11,48,8,62.1,83.42,0.13,3.9,0.01,1571,No,1.17,Yes,2,Premium Low-Stock Products
P0246,Home Goods,Suburban,Flagship,National,Fall,73,29,6,60.43,113.96,0.21,4.6,0.09,634,No,0.84,No,2,Premium Low-Stock Products
P0247,Kitchenware,Mall,Standard,National,Spring,83,29,10,27.15,61.18,0.19,3.9,0.07,723,No,1.11,No,1,Low-Cost Moderate Demand Products
P0248,Kitchenware,Downtown,Standard,National,Summer,52,53,5,19.35,33.26,0.13,3.6,0.14,819,No,0.87,No,1,Low-Cost Moderate Demand Products
P0249,Electronics Accessories,Online,Online,National,Holiday,115,65,9,62.39,151.26,0.22,4.5,0.15,1768,Yes,1.13,No,0,High Demand / High Stock Products
P0250,Apparel,Downtown,Standard,Local,Winter,21,62,5,4.44,10.49,0.12,3.6,0.08,1787,Yes,0.92,Yes,1,Low-Cost Moderate Demand Products
P0251,Pet Supplies,Downtown,Flagship,National,Spring,47,49,5,67.69,105.84,0.0,3.8,0.09,1270,No,1.13,No,2,Premium Low-Stock Products
P0252,Office Supplies,Downtown,Standard,National,Fall,181,41,10,45.84,71.44,0.09,4.2,0.07,1525,No,1.06,No,0,High Demand / High Stock Products
P0253,Office Supplies,Mall,Standard,International,Holiday,141,42,18,28.05,50.49,0.35,4.4,0.12,1049,No,1.06,No,1,Low-Cost Moderate Demand Products
P0254,Apparel,Mall,Flagship,International,Holiday,165,44,18,29.37,54.12,0.0,4.0,0.13,1216,No,1.02,No,0,High Demand / High Stock Products
P0255,Electronics Accessories,Online,Online,National,Spring,54,52,9,29.68,59.22,0.32,3.7,0.04,1504,No,1.13,Yes,1,Low-Cost Moderate Demand Products
P0256,Home Goods,Online,Online,Local,Winter,26,54,4,64.76,153.67,0.16,4.7,0.08,1608,No,1.16,Yes,2,Premium Low-Stock Products
P0257,Pet Supplies,Online,Online,National,Fall,34,52,8,41.78,63.1,0.19,4.1,0.11,1725,Yes,1.0,Yes,0,High Demand / High Stock Products
P0258,Home Goods,Campus,Standard,National,Back-to-School,138,41,10,66.48,164.99,0.0,4.7,0.07,828,No,0.82,No,2,Premium Low-Stock Products
P0259,Apparel,Mall,Flagship,National,Back-to-School,147,60,10,27.72,66.01,0.0,3.9,0.15,1318,No,0.83,No,0,High Demand / High Stock Products
P0260,Electronics Accessories,Suburban,Flagship,National,Summer,117,31,8,50.61,81.02,0.0,4.2,0.02,654,Yes,0.99,No,2,Premium Low-Stock Products
P0261,Pet Supplies,Online,Online,National,Fall,51,48,4,54.99,99.51,0.34,3.8,0.08,1344,No,1.09,No,2,Premium Low-Stock Products
P0262,Home Goods,Online,Online,National,Holiday,27,48,5,54.55,119.07,0.31,4.4,0.12,1294,No,0.89,Yes,2,Premium Low-Stock Products
P0263,Apparel,Online,Online,National,Fall,0,40,4,44.49,73.94,0.17,2.8,0.09,1082,No,1.13,Yes,1,Low-Cost Moderate Demand Products
P0264,Home Goods,Online,Online,Local,Holiday,18,70,2,49.0,84.67,0.22,3.8,0.12,1947,Yes,1.15,Yes,0,High Demand / High Stock Products
P0265,Fitness,Downtown,Outlet,International,Holiday,112,49,15,15.15,21.81,0.21,3.7,0.07,645,No,0.94,Yes,1,Low-Cost Moderate Demand Products
P0266,Electronics Accessories,Downtown,Flagship,International,Fall,88,37,17,32.06,58.62,0.07,4.3,0.1,997,No,0.91,Yes,1,Low-Cost Moderate Demand Products
P0267,Electronics Accessories,Suburban,Standard,National,Winter,60,44,10,74.26,169.07,0.1,3.9,0.06,752,Yes,0.99,Yes,2,Premium Low-Stock Products
P0268,Electronics Accessories,Mall,Standard,National,Fall,65,39,9,45.96,78.77,0.0,4.5,0.04,658,No,1.02,No,2,Premium Low-Stock Products
P0269,Office Supplies,Mall,Standard,Local,Winter,70,30,2,59.58,154.32,0.35,3.8,0.08,179,No,1.2,No,2,Premium Low-Stock Products
P0270,Home Goods,Downtown,Standard,National,Winter,51,48,5,59.77,100.58,0.34,4.0,0.08,1540,No,1.11,No,2,Premium Low-Stock Products
P0271,Apparel,Downtown,Outlet,International,Back-to-School,309,68,16,42.43,97.55,0.0,3.8,0.2,1505,Yes,0.88,No,0,High Demand / High Stock Products
P0272,Kitchenware,Mall,Standard,International,Fall,106,38,17,74.98,108.2,0.2,4.1,0.08,913,No,0.9,No,2,Premium Low-Stock Products
P0273,Kitchenware,Downtown,Flagship,National,Fall,46,32,4,44.47,72.96,0.26,4.6,0.14,723,Yes,1.2,No,2,Premium Low-Stock Products
P0274,Fitness,Campus,Standard,International,Holiday,86,35,15,11.47,22.58,0.17,4.3,0.08,338,No,0.95,No,1,Low-Cost Moderate Demand Products
P0275,Kitchenware,Online,Online,Local,Spring,95,47,5,20.68,32.05,0.0,4.9,0.13,1852,No,1.1,No,1,Low-Cost Moderate Demand Products
P0276,Fitness,Campus,Standard,International,Holiday,201,55,15,39.49,97.84,0.24,3.7,0.07,1970,No,0.95,Yes,0,High Demand / High Stock Products
P0277,Electronics Accessories,Suburban,Flagship,International,Summer,98,28,16,74.57,142.26,0.1,4.5,0.13,1148,Yes,0.86,No,2,Premium Low-Stock Products
P0278,Electronics Accessories,Campus,Flagship,,Holiday,72,59,7,57.2,137.73,0.22,3.7,0.12,1801,No,1.13,Yes,0,High Demand / High Stock Products
P0279,Office Supplies,Online,Online,National,Winter,99,47,7,55.82,92.76,0.24,4.5,0.11,497,No,1.08,No,2,Premium Low-Stock Products
P0280,Home Goods,Online,Online,International,Back-to-School,173,57,15,52.09,108.99,0.0,4.1,0.07,757,No,1.04,No,0,High Demand / High Stock Products
P0281,Electronics Accessories,Campus,Flagship,Local,Holiday,0,58,4,65.34,129.88,0.19,4.2,0.06,2090,No,1.08,Yes,2,Premium Low-Stock Products
P0282,Kitchenware,Downtown,Flagship,Local,Fall,0,37,4,16.97,31.94,0.0,3.5,0.01,1180,No,0.99,Yes,1,Low-Cost Moderate Demand Products
P0283,Electronics Accessories,Campus,Standard,Local,Holiday,63,58,2,49.07,78.4,0.0,3.4,0.11,1540,No,0.86,No,0,High Demand / High Stock Products
P0284,Apparel,Mall,Flagship,Local,Spring,26,35,2,35.63,78.96,0.28,3.2,0.14,1218,No,1.2,No,1,Low-Cost Moderate Demand Products
P0285,Beauty,Campus,Standard,National,Fall,72,44,8,12.93,23.35,0.08,4.0,0.03,1259,Yes,0.9,No,1,Low-Cost Moderate Demand Products
P0286,Beauty,Downtown,Standard,Local,Back-to-School,112,47,3,29.41,65.05,0.0,4.5,0.07,905,Yes,1.01,No,1,Low-Cost Moderate Demand Products
P0287,Fitness,Suburban,Standard,National,Fall,69,27,6,11.45,24.0,0.31,4.1,0.12,1246,No,1.0,No,1,Low-Cost Moderate Demand Products
P0288,Fitness,Campus,Standard,Local,Back-to-School,150,38,5,68.73,118.43,0.1,4.1,0.12,873,No,1.06,No,2,Premium Low-Stock Products
P0289,Apparel,Online,Online,National,Holiday,129,68,5,25.22,52.55,0.0,3.7,0.17,2101,No,0.82,No,0,High Demand / High Stock Products
P0290,Kitchenware,Downtown,Standard,National,Holiday,68,53,9,22.28,41.0,0.05,3.6,0.1,1496,No,0.86,No,1,Low-Cost Moderate Demand Products
P0291,Pet Supplies,Online,Online,Local,Winter,31,50,2,34.81,76.05,0.16,3.4,0.02,1627,Yes,0.99,No,1,Low-Cost Moderate Demand Products
P0292,Kitchenware,Online,Online,Local,Holiday,126,86,3,75.84,151.57,0.0,3.8,0.04,2063,No,1.04,No,0,High Demand / High Stock Products
P0293,Office Supplies,Suburban,Flagship,National,Holiday,72,13,5,19.94,42.04,0.12,3.9,0.14,85,No,1.03,No,1,Low-Cost Moderate Demand Products
P0294,Beauty,Suburban,Standard,National,Holiday,83,74,9,8.99,21.4,0.0,3.0,0.11,1346,No,0.93,No,1,Low-Cost Moderate Demand Products
P0295,Beauty,Mall,Standard,International,Winter,235,58,17,37.73,73.77,0.0,4.2,0.06,1484,No,1.08,No,0,High Demand / High Stock Products
P0296,Pet Supplies,Mall,Standard,Local,Holiday,133,72,4,40.8,104.39,0.0,4.3,0.05,2647,Yes,1.1,Yes,0,High Demand / High Stock Products
P0297,Kitchenware,Online,Online,Local,Summer,82,53,4,13.61,20.82,0.11,4.4,0.09,1145,No,0.94,No,1,Low-Cost Moderate Demand Products
P0298,Apparel,Mall,Standard,Local,Back-to-School,46,60,5,57.61,100.25,0.14,3.9,0.17,1617,Yes,1.18,Yes,0,High Demand / High Stock Products
P0299,Office Supplies,Downtown,Standard,Local,Fall,62,36,2,11.03,15.12,0.24,4.2,0.17,398,No,1.09,No,1,Low-Cost Moderate Demand Products
P0300,Home Goods,Mall,Outlet,International,Fall,290,40,18,32.09,52.43,0.14,4.7,0.16,1143,Yes,1.0,Yes,0,High Demand / High Stock Products
P0301,Pet Supplies,Campus,Standard,International,Spring,97,26,15,19.79,34.45,0.31,5.0,0.12,40,No,0.99,Yes,1,Low-Cost Moderate Demand Products
P0302,Apparel,Downtown,Standard,National,Spring,0,45,9,27.1,49.9,0.0,3.2,0.15,1451,No,1.01,Yes,1,Low-Cost Moderate Demand Products
P0303,Beauty,Online,Online,Local,Spring,153,45,10,9.07,19.13,0.22,4.4,0.04,1560,No,1.05,Yes,1,Low-Cost Moderate Demand Products
P0304,Home Goods,Online,Online,Local,Summer,4,40,3,73.32,118.59,0.14,4.5,0.12,727,No,0.86,Yes,2,Premium Low-Stock Products
P0305,Pet Supplies,Online,Online,Local,Back-to-School,80,55,3,48.08,107.95,0.05,3.6,0.11,1957,No,0.91,No,0,High Demand / High Stock Products
P0306,Pet Supplies,Mall,Standard,National,Back-to-School,121,74,9,9.81,21.94,0.33,4.3,0.07,2670,No,1.06,Yes,0,High Demand / High Stock Products
P0307,Apparel,Online,Online,Local,Holiday,101,92,5,13.53,19.28,0.07,4.0,0.1,2955,No,1.14,No,0,High Demand / High Stock Products
P0308,Home Goods,Downtown,Standard,National,Holiday,26,56,9,72.49,106.35,0.0,3.9,0.13,847,No,0.88,No,2,Premium Low-Stock Products
P0309,Fitness,Downtown,Standard,Local,Summer,56,40,5,72.53,131.57,0.0,4.1,0.13,741,No,1.2,No,2,Premium Low-Stock Products
P0310,Home Goods,Suburban,Flagship,International,Spring,207,40,16,61.93,126.58,0.0,4.2,0.07,1237,No,0.94,No,0,High Demand / High Stock Products
P0311,Home Goods,Online,Online,Local,Spring,100,47,2,55.61,81.34,0.35,4.4,0.11,1070,No,1.06,No,2,Premium Low-Stock Products
P0312,Apparel,Campus,Standard,National,Holiday,87,79,11,59.12,91.38,0.26,4.6,0.11,2396,No,1.01,Yes,0,High Demand / High Stock Products
P0313,Home Goods,Online,Online,Local,Summer,100,29,4,14.23,19.95,0.0,3.5,0.01,1056,No,0.86,No,1,Low-Cost Moderate Demand Products
P0314,Kitchenware,Downtown,Standard,National,Summer,104,48,5,45.54,114.55,0.06,4.7,0.11,1045,No,1.0,No,2,Premium Low-Stock Products
P0315,Home Goods,Online,Online,National,Spring,48,37,5,12.31,24.61,0.25,3.5,,758,No,1.21,No,1,Low-Cost Moderate Demand Products
P0316,Electronics Accessories,Downtown,Flagship,International,Fall,0,34,15,71.74,115.02,0.08,3.9,0.06,936,No,1.08,Yes,2,Premium Low-Stock Products
P0317,Home Goods,Suburban,Flagship,Local,Winter,13,43,2,72.51,111.32,0.26,4.4,0.08,1233,No,1.09,Yes,2,Premium Low-Stock Products
P0318,Electronics Accessories,Mall,Standard,National,Winter,132,58,10,67.87,123.01,0.0,3.4,0.12,1770,No,0.86,No,0,High Demand / High Stock Products
P0319,Apparel,Online,Online,National,Summer,35,69,4,26.94,59.54,0.18,4.1,0.16,1786,No,0.83,No,0,High Demand / High Stock Products
P0320,Home Goods,Campus,Standard,National,Holiday,66,21,5,62.45,105.93,0.22,3.9,0.04,398,Yes,1.09,No,2,Premium Low-Stock Products
P0321,Pet Supplies,Downtown,Standard,National,Holiday,108,54,6,49.69,82.84,0.0,4.0,0.15,1153,No,0.83,No,0,High Demand / High Stock Products
P0322,Pet Supplies,Online,Online,Local,Holiday,229,71,6,5.51,12.76,0.08,3.9,0.14,1318,No,1.08,No,0,High Demand / High Stock Products
P0323,Apparel,Downtown,Standard,International,Winter,235,70,11,74.8,113.88,0.0,4.6,0.17,1635,No,0.91,No,0,High Demand / High Stock Products
P0324,Office Supplies,Suburban,Standard,National,Winter,87,31,4,28.05,47.29,0.25,4.8,0.15,531,No,1.15,No,1,Low-Cost Moderate Demand Products
P0325,Pet Supplies,Online,Online,International,Back-to-School,321,59,14,46.01,72.39,0.34,4.1,0.06,1503,No,0.98,No,0,High Demand / High Stock Products
P0326,Pet Supplies,Suburban,Standard,International,Holiday,41,48,12,62.27,103.84,0.06,3.3,0.12,668,No,1.16,Yes,2,Premium Low-Stock Products
P0327,Pet Supplies,Online,Online,National,Fall,65,22,5,60.07,103.16,0.0,3.6,0.04,161,No,0.95,No,2,Premium Low-Stock Products
P0328,Office Supplies,Online,Online,National,Holiday,167,55,6,28.27,49.34,0.0,3.3,0.05,743,No,0.99,No,1,Low-Cost Moderate Demand Products
P0329,Pet Supplies,Suburban,Outlet,International,Back-to-School,126,25,12,78.03,115.32,0.0,3.6,0.1,78,No,0.87,No,2,Premium Low-Stock Products
P0330,Beauty,Online,Online,Local,Back-to-School,61,58,5,63.44,98.59,0.0,4.8,0.11,1057,No,1.09,No,2,Premium Low-Stock Products
P0331,Home Goods,Suburban,Standard,International,Fall,78,23,13,4.78,6.82,0.15,3.7,0.02,697,No,0.84,No,1,Low-Cost Moderate Demand Products
P0332,Office Supplies,Campus,Outlet,National,Back-to-School,132,40,9,51.09,80.07,0.17,4.1,0.13,833,No,1.02,No,2,Premium Low-Stock Products
P0333,Home Goods,Mall,Flagship,Local,Spring,214,52,7,67.45,142.51,0.0,4.4,0.04,965,No,0.95,No,2,Premium Low-Stock Products
P0334,Pet Supplies,Online,Online,National,Spring,43,41,8,6.73,10.29,0.26,4.3,0.17,969,Yes,1.1,Yes,1,Low-Cost Moderate Demand Products
P0335,Pet Supplies,Downtown,Flagship,International,Summer,273,51,18,24.73,58.83,0.23,4.5,0.07,1657,No,1.09,Yes,0,High Demand / High Stock Products
P0336,Kitchenware,Suburban,Standard,International,Holiday,135,42,16,67.13,132.68,0.19,4.2,0.08,1209,No,1.2,No,2,Premium Low-Stock Products
P0337,Office Supplies,Mall,Standard,Local,Back-to-School,29,38,4,9.38,23.58,0.16,4.5,0.17,831,No,1.13,No,1,Low-Cost Moderate Demand Products
P0338,Apparel,Mall,Standard,International,Fall,220,66,15,54.58,123.44,0.2,3.8,0.15,1475,No,1.12,No,0,High Demand / High Stock Products
P0339,Electronics Accessories,Downtown,Standard,National,Summer,94,47,6,41.64,80.53,0.0,3.1,0.11,1339,No,1.16,No,0,High Demand / High Stock Products
P0340,Apparel,Downtown,Flagship,National,Spring,163,50,6,23.26,35.47,0.07,3.5,0.16,1296,Yes,0.98,No,1,Low-Cost Moderate Demand Products
P0341,Fitness,Mall,Standard,National,Summer,93,59,7,18.23,26.75,0.27,4.1,0.07,1181,No,1.01,No,1,Low-Cost Moderate Demand Products
P0342,Fitness,Mall,Standard,International,Fall,0,6,14,34.02,53.32,0.0,3.4,0.09,224,No,0.9,Yes,1,Low-Cost Moderate Demand Products
P0343,Fitness,Online,Online,Local,Fall,49,20,4,5.66,8.22,0.1,4.5,0.07,656,No,1.15,No,1,Low-Cost Moderate Demand Products
P0344,Kitchenware,Campus,Outlet,National,Winter,50,30,6,41.05,72.0,0.23,3.9,0.05,489,No,1.03,No,2,Premium Low-Stock Products
P0345,Pet Supplies,Suburban,Standard,National,Holiday,61,39,10,5.58,8.67,0.11,4.0,0.11,541,No,1.08,No,1,Low-Cost Moderate Demand Products
P0346,Office Supplies,Online,Online,National,Back-to-School,17,52,9,68.18,131.14,0.13,3.2,0.07,1357,Yes,0.86,Yes,2,Premium Low-Stock Products
P0347,Home Goods,Downtown,Flagship,International,Fall,278,47,19,71.98,97.51,0.07,3.8,0.07,926,No,0.84,No,0,High Demand / High Stock Products
P0348,Kitchenware,Mall,Standard,National,Holiday,0,44,5,67.96,95.86,0.08,,0.1,229,No,0.86,No,2,Premium Low-Stock Products
P0349,Apparel,Suburban,Standard,National,Back-to-School,171,71,9,29.43,42.1,0.3,3.3,0.15,2093,No,0.85,No,0,High Demand / High Stock Products
P0350,Fitness,Downtown,Standard,National,Summer,108,51,8,35.11,60.51,0.31,3.6,0.07,973,Yes,1.14,No,1,Low-Cost Moderate Demand Products
P0351,Office Supplies,Downtown,Flagship,National,Back-to-School,38,25,4,8.39,16.25,0.26,3.6,0.08,538,No,1.12,No,1,Low-Cost Moderate Demand Products
P0352,Beauty,Campus,Standard,National,Summer,0,42,4,53.55,108.86,0.32,3.8,0.06,875,No,0.95,Yes,2,Premium Low-Stock Products
P0353,Office Supplies,Suburban,Flagship,National,Winter,51,28,6,6.12,13.44,0.0,4.1,0.02,781,No,1.07,No,1,Low-Cost Moderate Demand Products
P0354,Apparel,Suburban,Standard,National,Holiday,51,69,10,46.99,112.12,0.24,2.7,0.09,2031,No,1.11,Yes,0,High Demand / High Stock Products
P0355,Home Goods,Suburban,Standard,International,Fall,110,44,18,66.96,93.04,0.07,3.5,0.09,928,No,0.98,Yes,2,Premium Low-Stock Products
P0356,Electronics Accessories,Campus,Standard,International,Holiday,80,67,16,58.05,82.68,0.26,4.2,0.1,2173,No,1.2,Yes,0,High Demand / High Stock Products
P0357,Electronics Accessories,Downtown,Standard,Local,Summer,112,24,8,27.05,47.44,0.0,3.9,0.07,893,No,1.02,No,1,Low-Cost Moderate Demand Products
P0358,Electronics Accessories,Mall,Standard,International,Holiday,105,72,12,50.03,106.88,0.2,4.1,0.04,1778,No,1.14,Yes,0,High Demand / High Stock Products
P0359,Electronics Accessories,Mall,Outlet,International,Back-to-School,46,41,12,57.75,107.27,0.29,3.8,0.07,631,No,0.84,Yes,2,Premium Low-Stock Products
P0360,Pet Supplies,Downtown,Outlet,Local,Spring,43,35,4,57.63,136.7,0.18,3.7,0.05,985,Yes,0.83,No,2,Premium Low-Stock Products
